1,intermediate_llm_videos/clip_1_video.mp4,intermediate_llm_videos/clip_1_audio.mp3
2,intermediate_llm_videos/clip_2_video.mp4,intermediate_llm_videos/clip_2_audio.mp3
3,intermediate_llm_videos/clip_3_video.mp4,intermediate_llm_videos/clip_3_audio.mp3
4,intermediate_llm_videos/clip_4_video.mp4,intermediate_llm_videos/clip_4_audio.mp3
5,intermediate_llm_videos/clip_5_video.mp4,intermediate_llm_videos/clip_5_audio.mp3
6,intermediate_llm_videos/clip_6_video.mp4,intermediate_llm_videos/clip_6_audio.mp3
7,intermediate_llm_videos/clip_7_video.mp4,intermediate_llm_videos/clip_7_audio.mp3
8,intermediate_llm_videos/clip_8_video.mp4,intermediate_llm_videos/clip_8_audio.mp3
9,intermediate_llm_videos/clip_9_video.mp4,intermediate_llm_videos/clip_9_audio.mp3
10,intermediate_llm_videos/clip_10_video.mp4,intermediate_llm_videos/clip_10_audio.mp3
11,intermediate_llm_videos/clip_11_video.mp4,intermediate_llm_videos/clip_11_audio.mp3
12,intermediate_llm_videos/clip_12_video.mp4,intermediate_llm_videos/clip_12_audio.mp3
13,intermediate_llm_videos/clip_13_video.mp4,intermediate_llm_videos/clip_13_audio.mp3
14,intermediate_llm_videos/clip_14_video.mp4,intermediate_llm_videos/clip_14_audio.mp3
15,intermediate_llm_videos/clip_15_video.mp4,intermediate_llm_videos/clip_15_audio.mp3
16,intermediate_llm_videos/clip_16_video.mp4,intermediate_llm_videos/clip_16_audio.mp3
17,intermediate_llm_videos/clip_17_video.mp4,intermediate_llm_videos/clip_17_audio.mp3
18,intermediate_llm_videos/clip_18_video.mp4,intermediate_llm_videos/clip_18_audio.mp3
19,intermediate_llm_videos/clip_19_video.mp4,intermediate_llm_videos/clip_19_audio.mp3
20,intermediate_llm_videos/clip_20_video.mp4,intermediate_llm_videos/clip_20_audio.mp3
21,intermediate_llm_videos/clip_21_video.mp4,intermediate_llm_videos/clip_21_audio.mp3
22,intermediate_llm_videos/clip_22_video.mp4,intermediate_llm_videos/clip_22_audio.mp3
23,intermediate_llm_videos/clip_23_video.mp4,intermediate_llm_videos/clip_23_audio.mp3
24,intermediate_llm_videos/clip_24_video.mp4,intermediate_llm_videos/clip_24_audio.mp3
25,intermediate_llm_videos/clip_25_video.mp4,intermediate_llm_videos/clip_25_audio.mp3
26,intermediate_llm_videos/clip_26_video.mp4,intermediate_llm_videos/clip_26_audio.mp3
27,intermediate_llm_videos/clip_27_video.mp4,intermediate_llm_videos/clip_27_audio.mp3
28,intermediate_llm_videos/clip_28_video.mp4,intermediate_llm_videos/clip_28_audio.mp3
29,intermediate_llm_videos/clip_29_video.mp4,intermediate_llm_videos/clip_29_audio.mp3
30,intermediate_llm_videos/clip_30_video.mp4,intermediate_llm_videos/clip_30_audio.mp3
31,intermediate_llm_videos/clip_31_video.mp4,intermediate_llm_videos/clip_31_audio.mp3
32,intermediate_llm_videos/clip_32_video.mp4,intermediate_llm_videos/clip_32_audio.mp3
33,intermediate_llm_videos/clip_33_video.mp4,intermediate_llm_videos/clip_33_audio.mp3
34,intermediate_llm_videos/clip_34_video.mp4,intermediate_llm_videos/clip_34_audio.mp3
35,intermediate_llm_videos/clip_35_video.mp4,intermediate_llm_videos/clip_35_audio.mp3
36,intermediate_llm_videos/clip_36_video.mp4,intermediate_llm_videos/clip_36_audio.mp3
37,intermediate_llm_videos/clip_37_video.mp4,intermediate_llm_videos/clip_37_audio.mp3
38,intermediate_llm_videos/clip_38_video.mp4,intermediate_llm_videos/clip_38_audio.mp3
39,intermediate_llm_videos/clip_39_video.mp4,intermediate_llm_videos/clip_39_audio.mp3
40,intermediate_llm_videos/clip_40_video.mp4,intermediate_llm_videos/clip_40_audio.mp3
41,intermediate_llm_videos/clip_41_video.mp4,intermediate_llm_videos/clip_41_audio.mp3
42,intermediate_llm_videos/clip_42_video.mp4,intermediate_llm_videos/clip_42_audio.mp3
43,intermediate_llm_videos/clip_43_video.mp4,intermediate_llm_videos/clip_43_audio.mp3
44,intermediate_llm_videos/clip_44_video.mp4,intermediate_llm_videos/clip_44_audio.mp3
45,intermediate_llm_videos/clip_45_video.mp4,intermediate_llm_videos/clip_45_audio.mp3
46,intermediate_llm_videos/clip_46_video.mp4,intermediate_llm_videos/clip_46_audio.mp3
47,intermediate_llm_videos/clip_47_video.mp4,intermediate_llm_videos/clip_47_audio.mp3
48,intermediate_llm_videos/clip_48_video.mp4,intermediate_llm_videos/clip_48_audio.mp3
49,intermediate_llm_videos/clip_49_video.mp4,intermediate_llm_videos/clip_49_audio.mp3
50,intermediate_llm_videos/clip_50_video.mp4,intermediate_llm_videos/clip_50_audio.mp3
51,intermediate_llm_videos/clip_51_video.mp4,intermediate_llm_videos/clip_51_audio.mp3
52,intermediate_llm_videos/clip_52_video.mp4,intermediate_llm_videos/clip_52_audio.mp3
53,intermediate_llm_videos/clip_53_video.mp4,intermediate_llm_videos/clip_53_audio.mp3
54,intermediate_llm_videos/clip_54_video.mp4,intermediate_llm_videos/clip_54_audio.mp3
55,intermediate_llm_videos/clip_55_video.mp4,intermediate_llm_videos/clip_55_audio.mp3
56,intermediate_llm_videos/clip_56_video.mp4,intermediate_llm_videos/clip_56_audio.mp3
57,intermediate_llm_videos/clip_57_video.mp4,intermediate_llm_videos/clip_57_audio.mp3
58,intermediate_llm_videos/clip_58_video.mp4,intermediate_llm_videos/clip_58_audio.mp3
59,intermediate_llm_videos/clip_59_video.mp4,intermediate_llm_videos/clip_59_audio.mp3
60,intermediate_llm_videos/clip_60_video.mp4,intermediate_llm_videos/clip_60_audio.mp3
61,intermediate_llm_videos/clip_61_video.mp4,intermediate_llm_videos/clip_61_audio.mp3
62,intermediate_llm_videos/clip_62_video.mp4,intermediate_llm_videos/clip_62_audio.mp3
63,intermediate_llm_videos/clip_63_video.mp4,intermediate_llm_videos/clip_63_audio.mp3
64,intermediate_llm_videos/clip_64_video.mp4,intermediate_llm_videos/clip_64_audio.mp3
65,intermediate_llm_videos/clip_65_video.mp4,intermediate_llm_videos/clip_65_audio.mp3
